{"cameraMode":{"drawMode":0,"name":"Shaded","section":"Shading Mode"},"sceneLighting":true,"audioPlay":false,"sceneViewState":{"m_AlwaysRefresh":false,"showFog":true,"showSkybox":true,"showFlares":true,"showImageEffects":true,"showParticleSystems":true,"showVisualEffectGraphs":true,"m_FxEnabled":true},"in2DMode":false,"pivot":{"x":510.5433349609375,"y":312.8506774902344,"z":-149.58966064453126},"rotation":{"x":0.038215044885873798,"y":-0.009428638033568859,"z":0.0029006085824221374,"w":0.9998474717140198},"size":382.4857482910156,"orthographic":false}